PUMA,block_group_id,region
11602,530330001011,1
11602,530330001012,1
11602,530330001013,1
11602,530330001021,1
11602,530330001022,1
11602,530330001023,1
11602,530330002011,1
11602,530330002012,1
11602,530330002013,1
11602,530330002021,1
11602,530330002022,1
11602,530330002023,1
11602,530330007001,1
11602,530330007002,1
11602,530330007003,1
11602,530330007004,1
11602,530330008001,1
11602,530330008002,1
11602,530330009001,1
11602,530330009002,1
11602,530330010001,1
11602,530330010002,1
11602,530330011001,1
11602,530330011002,1
11602,530330012011,1
11602,530330012012,1
11602,530330012013,1
11602,530330012021,1
11602,530330012022,1
11602,530330012023,1
11602,530330019001,1
11602,530330019002,1
11602,530330019003,1
11602,530330019004,1
11602,530330020001,1
11602,530330020002,1
11602,530330020003,1
11602,530330021001,1
11602,530330021002,1
11602,530330021003,1
11602,530330022001,1
11602,530330022002,1
11602,530330022003,1
11602,530330022004,1
11602,530330024001,1
11602,530330024002,1
11602,530330025001,1
11602,530330025002,1
11602,530330026001,1
11602,530330026002,1
11602,530330026003,1
11602,530330026004,1
11602,530330038001,1
11602,530330038002,1
11602,530330039001,1
11602,530330039002,1
11602,530330040001,1
11602,530330040002,1
11602,530330041011,1
11602,530330041012,1
11602,530330041013,1
11602,530330041021,1
11602,530330041022,1
11602,530330041023,1
11602,530330042011,1
11602,530330042012,1
11602,530330042013,1
11602,530330042021,1
11602,530330042022,1
11602,530330042023,1
11602,530330043011,1
11602,530330043012,1
11602,530330043013,1
11602,530330043021,1
11602,530330043022,1
11602,530330043023,1
11602,530330044011,1
11602,530330044012,1
11602,530330044013,1
11602,530330044021,1
11602,530330044022,1
11602,530330044023,1
11602,530330045001,1
11602,530330045002,1
11602,530330052011,1
11602,530330052012,1
11602,530330052013,1
11602,530330052021,1
11602,530330052022,1
11602,530330052023,1
11602,530330053031,1
11602,530330053032,1
11602,530330053041,1
11602,530330053042,1
11602,530330053051,1
11602,530330053052,1
11602,530330053061,1
11602,530330053062,1
11602,530330053071,1
11602,530330053072,1
11602,530330053073,1
11601,530330003001,1
11601,530330003002,1
11601,530330004021,1
11601,530330004022,1
11601,530330004023,1
11601,530330004024,1
11601,530330004031,1
11601,530330004032,1
11601,530330004041,1
11601,530330004042,1
11601,530330004043,1
11601,530330005001,1
11601,530330005002,1
11601,530330006011,1
11601,530330006012,1
11601,530330006013,1
11601,530330006021,1
11601,530330006022,1
11601,530330006023,1
11601,530330013001,1
11601,530330013002,1
11601,530330013003,1
11601,530330014001,1
11601,530330014002,1
11601,530330014003,1
11601,530330014004,1
11601,530330015001,1
11601,530330015002,1
11601,530330016001,1
11601,530330016002,1
11601,530330016003,1
11601,530330017011,1
11601,530330017012,1
11601,530330017013,1
11601,530330017021,1
11601,530330017022,1
11601,530330017023,1
11601,530330017024,1
11601,530330018001,1
11601,530330018002,1
11601,530330018003,1
11601,530330027001,1
11601,530330027002,1
11601,530330027003,1
11601,530330027004,1
11601,530330028001,1
11601,530330028002,1
11601,530330028003,1
11601,530330028004,1
11601,530330029001,1
11601,530330029002,1
11601,530330029003,1
11601,530330030001,1
11601,530330030002,1
11601,530330030003,1
11601,530330030004,1
11601,530330031001,1
11601,530330031002,1
11601,530330031003,1
11601,530330031004,1
11601,530330031005,1
11601,530330032011,1
11601,530330032012,1
11601,530330032013,1
11601,530330032021,1
11601,530330032022,1
11601,530330032023,1
11601,530330033011,1
11601,530330033012,1
11601,530330033013,1
11601,530330033021,1
11601,530330033022,1
11601,530330033023,1
11601,530330034001,1
11601,530330034002,1
11601,530330034003,1
11601,530330035001,1
11601,530330035002,1
11601,530330035003,1
11601,530330036011,1
11601,530330036012,1
11601,530330036013,1
11601,530330036021,1
11601,530330036022,1
11601,530330036023,1
11601,530330046001,1
11601,530330046002,1
11601,530330046003,1
11601,530330047011,1
11601,530330047012,1
11601,530330047013,1
11601,530330047021,1
11601,530330047022,1
11601,530330047023,1
11601,530330047031,1
11601,530330047032,1
11601,530330047033,1
11601,530330048001,1
11601,530330048002,1
11601,530330048003,1
11601,530330048004,1
11601,530330049011,1
11601,530330049012,1
11601,530330049013,1
11601,530330049021,1
11601,530330049022,1
11601,530330050001,1
11601,530330050002,1
11601,530330050003,1
11601,530330051001,1
11601,530330051002,1
11601,530330051003,1
11601,530330054011,1
11601,530330054012,1
11601,530330054013,1
11601,530330054021,1
11601,530330054022,1
11601,530330054023,1
11603,530330056001,1
11603,530330056002,1
11603,530330056003,1
11603,530330056004,1
11603,530330056005,1
11603,530330057001,1
11603,530330057002,1
11603,530330057003,1
11603,530330057004,1
11603,530330057005,1
11603,530330058011,1
11603,530330058012,1
11603,530330058013,1
11603,530330058014,1
11603,530330058031,1
11603,530330058032,1
11603,530330058041,1
11603,530330058042,1
11603,530330059011,1
11603,530330059012,1
11603,530330059013,1
11603,530330059021,1
11603,530330059022,1
11603,530330059023,1
11603,530330060001,1
11603,530330060002,1
11603,530330060003,1
11603,530330060004,1
11603,530330061001,1
11603,530330061002,1
11603,530330061003,1
11603,530330061004,1
11603,530330061005,1
11603,530330066001,1
11603,530330066002,1
11603,530330066003,1
11603,530330067011,1
11603,530330067012,1
11603,530330067013,1
11603,530330067021,1
11603,530330067022,1
11603,530330067023,1
11603,530330067031,1
11603,530330067032,1
11603,530330067033,1
11603,530330068001,1
11603,530330068002,1
11603,530330068003,1
11603,530330069001,1
11603,530330069002,1
11603,530330069003,1
11603,530330070011,1
11603,530330070012,1
11603,530330070013,1
11603,530330070021,1
11603,530330070022,1
11603,530330070023,1
11603,530330071011,1
11603,530330071012,1
11603,530330071021,1
11603,530330071022,1
11603,530330072011,1
11603,530330072012,1
11603,530330072013,1
11603,530330072021,1
11603,530330072022,1
11603,530330072023,1
11603,530330072031,1
11603,530330072032,1
11603,530330073011,1
11603,530330073012,1
11603,530330073013,1
11603,530330073021,1
11603,530330073022,1
11603,530330073023,1
11603,530330073031,1
11603,530330073032,1
11603,530330073033,1
11603,530330074031,1
11603,530330074032,1
11603,530330074041,1
11603,530330074042,1
11603,530330074051,1
11603,530330074052,1
11603,530330074061,1
11603,530330074062,1
11603,530330080021,1
11603,530330080022,1
11603,530330080023,1
11603,530330080031,1
11603,530330080032,1
11603,530330080033,1
11603,530330080041,1
11603,530330080042,1
11603,530330080043,1
11603,530330081011,1
11603,530330081012,1
11603,530330081013,1
11603,530330081021,1
11603,530330081022,1
11603,530330082001,1
11603,530330082002,1
11603,530330082003,1
11603,530330083001,1
11603,530330083002,1
11603,530330084011,1
11603,530330084012,1
11603,530330084013,1
11603,530330084021,1
11603,530330084022,1
11603,530330084023,1
11603,530330085001,1
11603,530330085002,1
11603,530330085003,1
11603,530330091001,1
11603,530330091002,1
11603,530330092001,1
11603,530330092002,1
11604,530330062001,1
11604,530330062002,1
11604,530330062003,1
11604,530330063001,1
11604,530330063002,1
11604,530330063003,1
11604,530330063004,1
11604,530330064001,1
11604,530330064002,1
11604,530330064003,1
11604,530330065001,1
11604,530330065002,1
11604,530330065003,1
11604,530330075011,1
11604,530330075012,1
11604,530330075013,1
11604,530330075021,1
11604,530330075022,1
11604,530330075023,1
11604,530330075031,1
11604,530330075032,1
11604,530330076001,1
11604,530330076002,1
11604,530330076003,1
11604,530330077001,1
11604,530330077002,1
11604,530330077003,1
11604,530330077004,1
11604,530330078001,1
11604,530330078002,1
11604,530330078003,1
11604,530330078004,1
11604,530330079011,1
11604,530330079012,1
11604,530330079021,1
11604,530330079022,1
11604,530330079023,1
11604,530330086001,1
11604,530330086002,1
11604,530330086003,1
11604,530330086004,1
11604,530330087001,1
11604,530330087002,1
11604,530330087003,1
11604,530330088001,1
11604,530330088002,1
11604,530330088003,1
11604,530330089001,1
11604,530330089002,1
11604,530330089003,1
11604,530330089004,1
11604,530330090001,1
11604,530330090002,1
11604,530330090003,1
11604,530330095001,1
11604,530330095002,1
11604,530330095003,1
11604,530330095004,1
11604,530330101011,1
11604,530330101012,1
11604,530330101013,1
11604,530330101021,1
11604,530330101022,1
11604,530330101023,1
11604,530330102001,1
11604,530330102002,1
11604,530330102003,1
11604,530330102004,1
11604,530330103011,1
11604,530330103012,1
11604,530330103013,1
11604,530330103021,1
11604,530330103022,1
11604,530330103023,1
11604,530330111011,1
11604,530330111012,1
11604,530330111013,1
11604,530330111014,1
11604,530330111021,1
11604,530330111022,1
11604,530330111023,1
11604,530330111024,1
11604,530330118011,1
11604,530330118012,1
11604,530330118013,1
11604,530330118021,1
11604,530330118022,1
11604,530330118023,1
11604,530330119011,1
11604,530330119012,1
11604,530330119013,1
11604,530330119021,1
11604,530330119022,1
11604,530330119023,1
11605,530330093001,1
11605,530330093002,1
11605,530330093003,1
11605,530330094001,1
11605,530330094002,1
11605,530330094003,1
11605,530330094004,1
11605,530330094005,1
11605,530330096001,1
11605,530330096002,1
11605,530330096003,1
11605,530330096004,1
11605,530330097011,1
11605,530330097012,1
11605,530330097013,1
11605,530330097014,1
11605,530330097021,1
11605,530330097022,1
11605,530330097023,1
11605,530330097024,1
11605,530330098011,1
11605,530330098012,1
11605,530330098013,1
11605,530330098021,1
11605,530330098022,1
11605,530330098023,1
11605,530330099001,1
11605,530330099002,1
11605,530330099003,1
11605,530330099004,1
11605,530330100011,1
11605,530330100012,1
11605,530330100013,1
11605,530330100021,1
11605,530330100022,1
11605,530330100023,1
11605,530330104011,1
11605,530330104012,1
11605,530330104013,1
11605,530330104021,1
11605,530330104022,1
11605,530330104023,1
11605,530330104024,1
11605,530330105011,1
11605,530330105012,1
11605,530330105013,1
11605,530330105021,1
11605,530330105022,1
11605,530330105023,1
11605,530330105024,1
11605,530330106011,1
11605,530330106012,1
11605,530330106013,1
11605,530330106021,1
11605,530330106022,1
11605,530330106023,1
11605,530330107011,1
11605,530330107012,1
11605,530330107013,1
11605,530330107021,1
11605,530330107022,1
11605,530330107023,1
11605,530330108001,1
11605,530330108002,1
11605,530330108003,1
11605,530330109001,1
11605,530330109002,1
11605,530330110011,1
11605,530330110012,1
11605,530330110013,1
11605,530330110021,1
11605,530330110022,1
11605,530330110023,1
11605,530330112001,1
11605,530330112002,1
11605,530330112003,1
11605,530330113001,1
11605,530330113002,1
11605,530330113003,1
11605,530330113004,1
11605,530330113005,1
11605,530330114011,1
11605,530330114012,1
11605,530330114013,1
11605,530330114021,1
11605,530330114022,1
11605,530330114023,1
11605,530330115001,1
11605,530330115002,1
11605,530330115003,1
11605,530330116011,1
11605,530330116012,1
11605,530330116021,1
11605,530330116022,1
11605,530330116023,1
11605,530330117001,1
11605,530330117002,1
11605,530330117003,1
11605,530330117004,1
11605,530330120001,1
11605,530330120002,1
11605,530330120003,1
11605,530330121001,1
11605,530330121002,1
11605,530330263001,1
11606,530330201001,1
11606,530330201002,1
11606,530330201003,1
11606,530330202001,1
11606,530330202002,1
11606,530330202003,1
11606,530330202004,1
11606,530330203011,1
11606,530330203012,1
11606,530330203021,1
11606,530330203022,1
11606,530330203023,1
11606,530330204011,1
11606,530330204012,1
11606,530330204013,1
11606,530330204021,1
11606,530330204022,1
11606,530330204023,1
11606,530330204024,1
11606,530330205001,1
11606,530330205002,1
11606,530330205003,1
11606,530330205004,1
11606,530330205005,1
11606,530330206001,1
11606,530330206002,1
11606,530330206003,1
11606,530330206004,1
11606,530330207001,1
11606,530330207002,1
11606,530330207003,1
11606,530330208001,1
11606,530330208002,1
11606,530330208003,1
11606,530330209001,1
11606,530330209002,1
11606,530330209003,1
11606,530330210001,1
11606,530330210002,1
11606,530330210003,1
11606,530330210004,1
11606,530330210005,1
11606,530330211001,1
11606,530330211002,1
11606,530330211003,1
11606,530330213001,1
11606,530330213002,1
11606,530330213003,1
11606,530330214001,1
11606,530330214002,1
11606,530330214003,1
11606,530330215001,1
11606,530330215002,1
11606,530330215003,1
11606,530330215004,1
11606,530330216001,1
11606,530330216002,1
11606,530330216003,1
11606,530330216004,1
11606,530330217011,1
11606,530330217012,1
11606,530330217013,1
11606,530330217021,1
11606,530330217022,1
11606,530330217023,1
11606,530330218021,1
11606,530330218022,1
11606,530330218023,1
11606,530330218024,1
11606,530330218031,1
11606,530330218032,1
11606,530330218033,1
11606,530330218034,1
11606,530330218041,1
11606,530330218042,1
11606,530330218043,1
11606,530330218044,1
11606,530330219051,1
11606,530330219052,1
11606,530330219053,1
11606,530330219054,1
11606,530330220011,1
11606,530330220012,1
11606,530330220013,1
11606,530330221011,1
11606,530330221012,1
11606,530330221013,1
11606,530330221014,1
11606,530330221021,1
11606,530330221022,1
11606,530330221023,1
11606,530330221024,1
11607,530330219031,1
11607,530330219032,1
11607,530330219033,1
11607,530330219034,1
11607,530330219041,1
11607,530330219042,1
11607,530330219043,1
11607,530330219044,1
11607,530330220031,1
11607,530330220032,1
11607,530330220033,1
11607,530330220034,1
11607,530330220051,1
11607,530330220052,1
11607,530330220053,1
11607,530330220054,1
11607,530330220061,1
11607,530330220062,1
11607,530330220063,1
11607,530330222011,1
11607,530330222012,1
11607,530330222013,1
11607,530330222031,1
11607,530330222032,1
11607,530330222033,1
11607,530330222034,1
11607,530330222041,1
11607,530330222042,1
11607,530330222043,1
11607,530330222051,1
11607,530330222052,1
11607,530330222053,1
11607,530330223001,1
11607,530330223002,1
11607,530330224011,1
11607,530330224012,1
11607,530330224013,1
11607,530330224021,1
11607,530330224022,1
11607,530330224023,1
11607,530330225011,1
11607,530330225012,1
11607,530330225013,1
11607,530330225021,1
11607,530330225022,1
11607,530330225023,1
11607,530330226031,1
11607,530330226032,1
11607,530330226033,1
11607,530330226034,1
11607,530330226041,1
11607,530330226042,1
11607,530330226043,1
11607,530330226051,1
11607,530330226052,1
11607,530330226053,1
11607,530330226061,1
11607,530330226062,1
11607,530330226063,1
11607,530330226064,1
11607,530330227011,1
11607,530330227012,1
11607,530330227021,1
11607,530330227022,1
11607,530330227023,1
11607,530330227031,1
11607,530330227032,1
11607,530330228021,1
11607,530330228022,1
11607,530330228023,1
11607,530330228024,1
11607,530330228031,1
11607,530330228032,1
11607,530330228033,1
11607,530330228034,1
11607,530330229021,1
11607,530330229022,1
11607,530330229023,1
11607,530330229024,1
11607,530330323131,1
11607,530330323132,1
11607,530330323133,1
11607,530330323134,1
11607,530330323231,1
11607,530330323232,1
11607,530330323233,1
11607,530330323234,1
11607,530330323241,1
11607,530330323242,1
11607,530330323243,1
11607,530330323244,1
11607,530330323251,1
11607,530330323252,1
11607,530330323253,1
11607,530330323254,1
11607,530330323301,1
11607,530330323302,1
11607,530330323303,1
11607,530330323311,1
11607,530330323312,1
11607,530330323313,1
11616,530330219061,1
11616,530330219062,1
11616,530330219063,1
11616,530330323071,1
11616,530330323072,1
11616,530330323073,1
11616,530330323074,1
11616,530330323111,1
11616,530330323112,1
11616,530330323113,1
11616,530330323114,1
11616,530330323151,1
11616,530330323152,1
11616,530330323153,1
11616,530330323154,1
11616,530330323191,1
11616,530330323192,1
11616,530330323193,1
11616,530330323201,1
11616,530330323202,1
11616,530330323203,1
11616,530330323211,1
11616,530330323212,1
11616,530330323213,1
11616,530330323214,1
11616,530330323221,1
11616,530330323222,1
11616,530330323223,1
11616,530330323261,1
11616,530330323262,1
11616,530330323263,1
11616,530330323271,1
11616,530330323272,1
11616,530330323273,1
11616,530330323281,1
11616,530330323282,1
11616,530330323321,1
11616,530330323322,1
11616,530330323323,1
11616,530330323331,1
11616,530330323332,1
11616,530330324011,1
11616,530330324012,1
11616,530330324013,1
11616,530330324014,1
11616,530330324021,1
11616,530330324022,1
11616,530330324023,1
11616,530330324024,1
11616,530330325001,1
11616,530330325002,1
11616,530330325003,1
11616,530330325004,1
11616,530330326011,1
11616,530330326012,1
11616,530330326031,1
11616,530330326032,1
11616,530330326033,1
11616,530330326041,1
11616,530330326042,1
11616,530330326043,1
11616,530330326051,1
11616,530330326052,1
11616,530330326053,1
11616,530330327031,1
11616,530330327032,1
11616,530330327041,1
11616,530330327042,1
11616,530330327043,1
11616,530330327044,1
11616,530330327051,1
11616,530330327052,1
11616,530330327053,1
11616,530330327061,1
11616,530330327062,1
11616,530330327063,1
11616,530330328001,1
11616,530330328002,1
11616,530330328003,1
11608,530330228041,1
11608,530330228042,1
11608,530330228043,1
11608,530330228051,1
11608,530330228052,1
11608,530330228053,1
11608,530330229011,1
11608,530330229012,1
11608,530330230001,1
11608,530330230002,1
11608,530330230003,1
11608,530330230004,1
11608,530330231001,1
11608,530330231002,1
11608,530330231003,1
11608,530330232011,1
11608,530330232012,1
11608,530330232013,1
11608,530330232014,1
11608,530330232021,1
11608,530330232022,1
11608,530330232023,1
11608,530330233001,1
11608,530330233002,1
11608,530330233003,1
11608,530330233004,1
11608,530330234011,1
11608,530330234012,1
11608,530330234013,1
11608,530330234031,1
11608,530330234032,1
11608,530330234033,1
11608,530330235001,1
11608,530330235002,1
11608,530330235003,1
11608,530330236011,1
11608,530330236012,1
11608,530330236013,1
11608,530330236031,1
11608,530330236032,1
11608,530330236033,1
11608,530330236034,1
11608,530330236035,1
11608,530330236041,1
11608,530330236042,1
11608,530330236043,1
11608,530330236044,1
11608,530330237011,1
11608,530330237012,1
11608,530330237013,1
11608,530330237021,1
11608,530330237022,1
11608,530330238011,1
11608,530330238012,1
11608,530330238051,1
11608,530330238052,1
11608,530330238061,1
11608,530330238062,1
11608,530330238063,1
11608,530330238071,1
11608,530330238072,1
11608,530330238073,1
11608,530330238081,1
11608,530330238082,1
11608,530330238083,1
11608,530330239011,1
11608,530330239012,1
11608,530330239013,1
11608,530330239021,1
11608,530330239022,1
11608,530330240011,1
11608,530330240012,1
11608,530330240013,1
11608,530330240021,1
11608,530330240022,1
11608,530330240023,1
11608,530330241001,1
11608,530330241002,1
11608,530330241003,1
11608,530330242001,1
11608,530330242002,1
11608,530330247011,1
11608,530330247012,1
11608,530330247013,1
11608,530330248001,1
11608,530330248002,1
11608,530330248003,1
11608,530330249011,1
11608,530330249012,1
11608,530330249013,1
11608,530330249014,1
11608,530330249021,1
11608,530330249022,1
11608,530330249023,1
11608,530330249041,1
11608,530330249042,1
11608,530330249051,1
11608,530330249052,1
11608,530330250071,1
11608,530330250072,1
11608,530330250073,1
11608,530330250081,1
11608,530330250082,1
11609,530330234041,1
11609,530330234042,1
11609,530330243011,1
11609,530330243012,1
11609,530330243013,1
11609,530330243021,1
11609,530330243022,1
11609,530330243023,1
11609,530330244001,1
11609,530330244002,1
11609,530330245001,1
11609,530330245002,1
11609,530330245003,1
11609,530330246011,1
11609,530330246012,1
11609,530330246013,1
11609,530330246021,1
11609,530330246022,1
11609,530330247031,1
11609,530330247032,1
11609,530330247033,1
11609,530330247041,1
11609,530330247042,1
11609,530330247043,1
11609,530330250011,1
11609,530330250012,1
11609,530330250013,1
11609,530330250014,1
11609,530330250051,1
11609,530330250052,1
11609,530330250053,1
11609,530330250061,1
11609,530330250062,1
11609,530330250063,1
11609,530330250064,1
11609,530330321031,1
11609,530330321032,1
11609,530330321033,1
11609,530330321034,1
11609,530330321041,1
11609,530330321042,1
11609,530330321043,1
11609,530330322071,1
11609,530330322072,1
11609,530330322073,1
11609,530330322111,1
11609,530330322112,1
11609,530330322113,1
11609,530330322131,1
11609,530330322132,1
11609,530330322133,1
11609,530330322151,1
11609,530330322152,1
11609,530330322153,1
11609,530330322161,1
11609,530330322162,1
11609,530330322163,1
11609,530330322171,1
11609,530330322172,1
11609,530330322173,1
11609,530330322181,1
11609,530330322182,1
11609,530330322183,1
11609,530330322191,1
11609,530330322192,1
11609,530330322193,1
11609,530330322201,1
11609,530330322202,1
11609,530330322203,1
11609,530330322204,1
11609,530330322211,1
11609,530330322212,1
11609,530330322213,1
11609,530330322214,1
11609,530330322215,1
11609,530330322221,1
11609,530330322222,1
11609,530330322223,1
11609,530330322231,1
11609,530330322232,1
11609,530330322233,1
11609,530330322241,1
11609,530330322242,1
11609,530330322251,1
11609,530330322252,1
11609,530330322253,1
11609,530330323161,1
11609,530330323162,1
11609,530330323163,1
11609,530330323164,1
11609,530330323171,1
11609,530330323172,1
11609,530330323173,1
11609,530330323174,1
11609,530330323175,1
11609,530330323181,1
11609,530330323182,1
11609,530330323183,1
11609,530330323184,1
11610,530330251011,1
11610,530330251012,1
11610,530330251013,1
11610,530330251014,1
11610,530330251031,1
11610,530330251032,1
11610,530330251033,1
11610,530330251041,1
11610,530330251042,1
11610,530330251043,1
11610,530330252011,1
11610,530330252012,1
11610,530330252013,1
11610,530330252021,1
11610,530330252022,1
11610,530330252023,1
11610,530330253021,1
11610,530330253022,1
11610,530330253023,1
11610,530330253024,1
11610,530330253031,1
11610,530330253032,1
11610,530330253041,1
11610,530330253042,1
11610,530330254011,1
11610,530330254012,1
11610,530330254013,1
11610,530330254021,1
11610,530330254022,1
11610,530330254023,1
11610,530330255001,1
11610,530330255002,1
11610,530330255003,1
11610,530330256011,1
11610,530330256012,1
11610,530330256013,1
11610,530330256021,1
11610,530330256022,1
11610,530330256023,1
11610,530330256024,1
11610,530330257021,1
11610,530330257022,1
11610,530330257023,1
11610,530330257031,1
11610,530330257032,1
11610,530330257041,1
11610,530330257042,1
11610,530330258031,1
11610,530330258032,1
11610,530330258033,1
11610,530330258041,1
11610,530330258042,1
11610,530330258043,1
11610,530330258051,1
11610,530330258052,1
11610,530330258053,1
11610,530330258061,1
11610,530330258062,1
11610,530330258063,1
11610,530330260011,1
11610,530330260012,1
11610,530330260013,1
11610,530330260014,1
11610,530330260031,1
11610,530330260032,1
11610,530330260033,1
11610,530330260041,1
11610,530330260042,1
11610,530330260043,1
11610,530330261011,1
11610,530330261012,1
11610,530330261013,1
11610,530330261021,1
11610,530330261022,1
11610,530330261023,1
11610,530330293041,1
11610,530330293042,1
11610,530330293043,1
11610,530330293044,1
11610,530330293081,1
11610,530330293082,1
11610,530330293083,1
11610,530330293091,1
11610,530330293092,1
11610,530330293093,1
11610,530330319081,1
11610,530330319082,1
11610,530330319083,1
11610,530330319091,1
11610,530330319092,1
11610,530330319101,1
11610,530330319102,1
11610,530330319103,1
11610,530330319111,1
11610,530330319112,1
11610,530330319113,1
11611,530330262001,1
11611,530330262002,1
11611,530330262003,1
11611,530330262004,1
11611,530330263002,1
11611,530330264001,1
11611,530330264002,1
11611,530330264003,1
11611,530330264004,1
11611,530330265001,1
11611,530330265002,1
11611,530330265003,1
11611,530330266001,1
11611,530330266002,1
11611,530330267001,1
11611,530330267002,1
11611,530330267003,1
11611,530330267004,1
11611,530330268011,1
11611,530330268012,1
11611,530330268013,1
11611,530330268014,1
11611,530330268021,1
11611,530330268022,1
11611,530330268023,1
11611,530330268024,1
11611,530330270001,1
11611,530330270002,1
11611,530330270003,1
11611,530330271001,1
11611,530330271002,1
11611,530330271003,1
11611,530330272001,1
11611,530330272002,1
11611,530330273001,1
11611,530330273002,1
11611,530330273003,1
11611,530330273004,1
11611,530330274001,1
11611,530330274002,1
11611,530330274003,1
11611,530330274004,1
11611,530330275001,1
11611,530330275002,1
11611,530330275003,1
11611,530330276001,1
11611,530330276002,1
11611,530330276003,1
11611,530330278001,1
11611,530330278002,1
11611,530330279011,1
11611,530330279012,1
11611,530330279013,1
11611,530330279021,1
11611,530330279022,1
11611,530330279023,1
11611,530330280001,1
11611,530330280002,1
11611,530330280003,1
11611,530330281001,1
11611,530330281002,1
11611,530330282001,1
11611,530330282002,1
11611,530330282003,1
11611,530330283001,1
11611,530330283002,1
11611,530330283003,1
11611,530330284021,1
11611,530330284022,1
11611,530330284023,1
11611,530330284024,1
11611,530330284031,1
11611,530330284032,1
11611,530330284033,1
11611,530330284034,1
11611,530330285001,1
11611,530330285002,1
11611,530330285003,1
11611,530330286001,1
11611,530330286002,1
11611,530330286003,1
11611,530330286004,1
11611,530330286005,1
11611,530330287001,1
11611,530330287002,1
11611,530330287003,1
11611,530330288011,1
11611,530330288012,1
11611,530330288021,1
11611,530330288022,1
11611,530330288023,1
11611,530330288024,1
11612,530330277011,1
11612,530330277012,1
11612,530330277013,1
11612,530330277014,1
11612,530330277021,1
11612,530330277022,1
11612,530330277023,1
11612,530330289011,1
11612,530330289012,1
11612,530330289013,1
11612,530330289021,1
11612,530330289022,1
11612,530330289023,1
11612,530330289024,1
11612,530330289025,1
11612,530330290011,1
11612,530330290012,1
11612,530330290013,1
11612,530330290031,1
11612,530330290032,1
11612,530330290033,1
11612,530330290034,1
11612,530330300031,1
11612,530330300032,1
11612,530330300033,1
11612,530330300034,1
11612,530330300051,1
11612,530330300052,1
11612,530330300053,1
11612,530330300061,1
11612,530330300062,1
11612,530330300063,1
11612,530330300071,1
11612,530330300072,1
11612,530330300081,1
11612,530330300082,1
11612,530330300083,1
11612,530330301011,1
11612,530330301012,1
11612,530330301013,1
11612,530330301021,1
11612,530330301022,1
11612,530330301023,1
11612,530330302011,1
11612,530330302012,1
11612,530330302013,1
11612,530330302014,1
11612,530330302031,1
11612,530330302032,1
11612,530330302033,1
11612,530330302041,1
11612,530330302042,1
11612,530330302043,1
11612,530330303041,1
11612,530330303042,1
11612,530330303043,1
11612,530330303051,1
11612,530330303052,1
11612,530330303053,1
11612,530330303061,1
11612,530330303062,1
11612,530330303063,1
11612,530330303064,1
11612,530330303081,1
11612,530330303082,1
11612,530330303083,1
11612,530330303084,1
11612,530330303091,1
11612,530330303092,1
11612,530330303093,1
11612,530330303094,1
11612,530330303101,1
11612,530330303102,1
11612,530330303103,1
11612,530330303104,1
11612,530330303111,1
11612,530330303112,1
11612,530330303113,1
11612,530330303114,1
11612,530330303121,1
11612,530330303122,1
11612,530330303123,1
11612,530330303124,1
11612,530330303131,1
11612,530330303132,1
11612,530330303133,1
11612,530330303141,1
11612,530330303142,1
11612,530330303143,1
11612,530339901000,1
11613,530330290041,1
11613,530330290042,1
11613,530330291011,1
11613,530330291012,1
11613,530330291021,1
11613,530330291022,1
11613,530330291023,1
11613,530330292031,1
11613,530330292032,1
11613,530330292033,1
11613,530330292051,1
11613,530330292052,1
11613,530330292053,1
11613,530330292061,1
11613,530330292062,1
11613,530330292063,1
11613,530330292071,1
11613,530330292072,1
11613,530330292081,1
11613,530330292082,1
11613,530330293051,1
11613,530330293052,1
11613,530330293053,1
11613,530330293061,1
11613,530330293062,1
11613,530330293063,1
11613,530330293071,1
11613,530330293072,1
11613,530330293073,1
11613,530330294031,1
11613,530330294032,1
11613,530330294033,1
11613,530330294034,1
11613,530330294051,1
11613,530330294052,1
11613,530330294053,1
11613,530330294054,1
11613,530330294061,1
11613,530330294062,1
11613,530330294063,1
11613,530330294071,1
11613,530330294072,1
11613,530330294073,1
11613,530330294081,1
11613,530330294082,1
11613,530330294083,1
11613,530330295041,1
11613,530330295042,1
11613,530330295043,1
11613,530330295051,1
11613,530330295052,1
11613,530330295053,1
11613,530330295061,1
11613,530330295062,1
11613,530330295063,1
11613,530330295071,1
11613,530330295072,1
11613,530330295081,1
11613,530330295082,1
11613,530330295083,1
11613,530330296031,1
11613,530330296032,1
11613,530330296033,1
11613,530330296041,1
11613,530330296042,1
11613,530330296043,1
11613,530330297011,1
11613,530330297012,1
11613,530330297013,1
11613,530330297021,1
11613,530330297022,1
11613,530330298031,1
11613,530330298032,1
11613,530330298033,1
11613,530330298041,1
11613,530330298042,1
11613,530330298043,1
11613,530330317041,1
11613,530330317042,1
11613,530330317043,1
11613,530330317044,1
11613,530330317071,1
11613,530330317072,1
11613,530330317073,1
11613,530330317081,1
11613,530330317082,1
11613,530330317083,1
11614,530330296021,1
11614,530330296022,1
11614,530330296023,1
11614,530330296024,1
11614,530330298051,1
11614,530330298052,1
11614,530330298053,1
11614,530330298054,1
11614,530330298061,1
11614,530330298062,1
11614,530330298063,1
11614,530330299011,1
11614,530330299012,1
11614,530330299013,1
11614,530330299021,1
11614,530330299022,1
11614,530330299023,1
11614,530330304031,1
11614,530330304032,1
11614,530330304033,1
11614,530330304041,1
11614,530330304042,1
11614,530330304043,1
11614,530330304051,1
11614,530330304052,1
11614,530330304053,1
11614,530330304061,1
11614,530330304062,1
11614,530330304071,1
11614,530330304072,1
11614,530330305011,1
11614,530330305012,1
11614,530330305031,1
11614,530330305032,1
11614,530330305033,1
11614,530330305041,1
11614,530330305042,1
11614,530330305043,1
11614,530330305044,1
11614,530330306001,1
11614,530330306002,1
11614,530330306003,1
11614,530330306004,1
11614,530330307001,1
11614,530330307002,1
11614,530330307003,1
11614,530330308011,1
11614,530330308012,1
11614,530330308013,1
11614,530330308014,1
11614,530330308021,1
11614,530330308022,1
11614,530330309011,1
11614,530330309012,1
11614,530330309013,1
11614,530330309021,1
11614,530330309022,1
11614,530330309023,1
11614,530330309024,1
11614,530330310001,1
11614,530330310002,1
11614,530330310003,1
11614,530330311011,1
11614,530330311012,1
11614,530330311013,1
11614,530330311021,1
11614,530330311022,1
11614,530330311023,1
11614,530330312021,1
11614,530330312022,1
11614,530330312023,1
11614,530330312024,1
11614,530330312025,1
11614,530330312061,1
11614,530330312062,1
11614,530330312063,1
11614,530330312071,1
11614,530330312072,1
11614,530330312073,1
11614,530330312081,1
11614,530330312082,1
11614,530330312083,1
11615,530330312041,1
11615,530330312042,1
11615,530330312043,1
11615,530330312044,1
11615,530330312045,1
11615,530330313011,1
11615,530330313012,1
11615,530330313021,1
11615,530330313022,1
11615,530330313023,1
11615,530330313024,1
11615,530330314001,1
11615,530330314002,1
11615,530330314003,1
11615,530330314004,1
11615,530330315011,1
11615,530330315012,1
11615,530330315013,1
11615,530330315021,1
11615,530330315022,1
11615,530330315023,1
11615,530330316011,1
11615,530330316012,1
11615,530330316013,1
11615,530330316014,1
11615,530330316031,1
11615,530330316032,1
11615,530330316033,1
11615,530330316034,1
11615,530330316041,1
11615,530330316042,1
11615,530330316043,1
11615,530330316044,1
11615,530330316051,1
11615,530330316052,1
11615,530330316053,1
11615,530330317051,1
11615,530330317052,1
11615,530330317053,1
11615,530330317091,1
11615,530330317092,1
11615,530330317093,1
11615,530330317101,1
11615,530330317102,1
11615,530330318001,1
11615,530330318002,1
11615,530330318003,1
11615,530330319041,1
11615,530330319042,1
11615,530330319061,1
11615,530330319062,1
11615,530330319121,1
11615,530330319122,1
11615,530330319123,1
11615,530330319131,1
11615,530330319132,1
11615,530330319133,1
11615,530330320021,1
11615,530330320022,1
11615,530330320031,1
11615,530330320032,1
11615,530330320033,1
11615,530330320034,1
11615,530330320051,1
11615,530330320052,1
11615,530330320053,1
11615,530330320054,1
11615,530330320055,1
11615,530330320061,1
11615,530330320062,1
11615,530330320063,1
11615,530330320071,1
11615,530330320072,1
11615,530330320073,1
11615,530330320081,1
11615,530330320082,1
11615,530330320083,1
11615,530330320101,1
11615,530330320102,1
11615,530330320103,1
11615,530330320104,1
11615,530330320111,1
11615,530330320112,1
11615,530330320113,1
11615,530330321021,1
11615,530330321022,1
11615,530330321023,1
11615,530330321024,1
11802,530350801011,1
11802,530350801012,1
11802,530350801021,1
11802,530350801022,1
11802,530350801023,1
11802,530350802001,1
11802,530350802002,1
11802,530350803001,1
11802,530350803002,1
11802,530350803003,1
11802,530350804001,1
11802,530350804002,1
11802,530350804003,1
11802,530350805001,1
11802,530350805002,1
11802,530350805003,1
11802,530350806001,1
11802,530350806002,1
11802,530350806003,1
11802,530350806004,1
11802,530350807001,1
11802,530350807002,1
11802,530350807003,1
11802,530350808001,1
11802,530350808002,1
11802,530350809001,1
11802,530350809002,1
11802,530350809003,1
11802,530350809004,1
11802,530350810001,1
11802,530350810002,1
11802,530350810003,1
11802,530350811001,1
11802,530350811002,1
11802,530350812001,1
11802,530350812002,1
11802,530350814001,1
11802,530350918001,1
11802,530350918002,1
11802,530350919001,1
11802,530350919002,1
11802,530350919003,1
11802,530350920001,1
11802,530350920002,1
11802,530350920003,1
11802,530350920004,1
11802,530350921011,1
11802,530350921012,1
11802,530350921013,1
11802,530350921021,1
11802,530350921022,1
11802,530350921023,1
11802,530350922001,1
11802,530350922002,1
11802,530350922003,1
11802,530350922004,1
11802,530350923001,1
11802,530350923002,1
11802,530350923003,1
11802,530350923004,1
11802,530350924001,1
11802,530350924002,1
11802,530350924003,1
11802,530350924004,1
11802,530350925001,1
11802,530350925002,1
11802,530350925003,1
11802,530350925004,1
11802,530350926001,1
11802,530350926002,1
11802,530350926003,1
11802,530350926004,1
11802,530350927011,1
11802,530350927012,1
11802,530350927013,1
11802,530350927041,1
11802,530350927042,1
11802,530350927043,1
11802,530350928011,1
11802,530350928012,1
11802,530350928013,1
11802,530350928021,1
11802,530350928022,1
11802,530350928023,1
11802,530350928031,1
11802,530350928032,1
11802,530350929011,1
11802,530350929012,1
11802,530350929013,1
11802,530350929014,1
11802,530350929021,1
11802,530350929022,1
11802,530350929023,1
11802,530350929024,1
11801,530350901011,1
11801,530350901012,1
11801,530350901013,1
11801,530350901014,1
11801,530350901021,1
11801,530350901022,1
11801,530350901023,1
11801,530350901024,1
11801,530350902011,1
11801,530350902012,1
11801,530350902013,1
11801,530350902014,1
11801,530350902021,1
11801,530350902022,1
11801,530350902023,1
11801,530350902024,1
11801,530350903001,1
11801,530350903002,1
11801,530350903003,1
11801,530350903004,1
11801,530350903005,1
11801,530350904001,1
11801,530350904002,1
11801,530350904003,1
11801,530350905011,1
11801,530350905012,1
11801,530350905013,1
11801,530350905014,1
11801,530350905021,1
11801,530350905022,1
11801,530350905023,1
11801,530350907001,1
11801,530350907002,1
11801,530350907003,1
11801,530350907004,1
11801,530350908001,1
11801,530350908002,1
11801,530350908003,1
11801,530350909011,1
11801,530350909012,1
11801,530350909013,1
11801,530350909021,1
11801,530350909022,1
11801,530350909023,1
11801,530350910011,1
11801,530350910012,1
11801,530350910013,1
11801,530350910021,1
11801,530350910022,1
11801,530350910023,1
11801,530350911001,1
11801,530350911002,1
11801,530350911003,1
11801,530350912011,1
11801,530350912012,1
11801,530350912013,1
11801,530350912041,1
11801,530350912042,1
11801,530350912043,1
11801,530350912051,1
11801,530350912052,1
11801,530350912053,1
11801,530350912061,1
11801,530350912062,1
11801,530350912063,1
11801,530350913011,1
11801,530350913012,1
11801,530350913013,1
11801,530350913021,1
11801,530350913022,1
11801,530350913023,1
11801,530350913024,1
11801,530350913025,1
11801,530350914001,1
11801,530350914002,1
11801,530350915001,1
11801,530350915002,1
11801,530350915003,1
11801,530350916001,1
11801,530350916002,1
11801,530350916003,1
11801,530350916004,1
11801,530350917011,1
11801,530350917012,1
11801,530350917013,1
11801,530350917021,1
11801,530350917022,1
11801,530350917023,1
11801,530359400001,1
11801,530359400002,1
11801,530359400003,1
11801,530359401001,1
11801,530359401002,1
11801,530359401003,1
11801,530359401004,1
11801,530359901000,1
11505,530530602001,1
11505,530530703071,1
11505,530530703072,1
11505,530530703073,1
11505,530530703074,1
11505,530530703081,1
11505,530530703082,1
11505,530530703083,1
11505,530530703091,1
11505,530530703092,1
11505,530530703093,1
11505,530530703094,1
11505,530530703121,1
11505,530530703122,1
11505,530530703123,1
11505,530530703124,1
11505,530530703131,1
11505,530530703132,1
11505,530530703133,1
11505,530530703134,1
11505,530530703135,1
11505,530530703141,1
11505,530530703142,1
11505,530530703151,1
11505,530530703152,1
11505,530530703153,1
11505,530530703154,1
11505,530530703161,1
11505,530530703162,1
11505,530530703163,1
11505,530530703164,1
11505,530530704011,1
11505,530530704012,1
11505,530530707031,1
11505,530530707032,1
11505,530530707033,1
11505,530530707034,1
11505,530530707035,1
11505,530530733011,1
11505,530530733012,1
11505,530530733013,1
11505,530530733014,1
11505,530530733015,1
11505,530530733021,1
11505,530530733022,1
11505,530530733023,1
11505,530530735011,1
11505,530530735012,1
11505,530530735013,1
11505,530530735021,1
11505,530530735022,1
11505,530530735023,1
11505,530539400011,1
11505,530539400012,1
11505,530539400021,1
11505,530539400022,1
11505,530539400023,1
11505,530539400024,1
11505,530539400041,1
11505,530539400042,1
11505,530539400043,1
11505,530539400044,1
11505,530539400045,1
11505,530539400051,1
11505,530539400052,1
11505,530539400053,1
11505,530539400054,1
11505,530539400081,1
11505,530539400082,1
11505,530539400083,1
11505,530539400084,1
11505,530539400091,1
11505,530539400092,1
11505,530539400101,1
11505,530539400102,1
11505,530539400103,1
11505,530539400111,1
11505,530539400112,1
11505,530539400113,1
11505,530539400121,1
11505,530539400122,1
11505,530539400123,1
11505,530539400131,1
11505,530539400132,1
11505,530539400133,1
11502,530530603001,1
11502,530530603002,1
11502,530530603003,1
11502,530530609031,1
11502,530530609032,1
11502,530530609033,1
11502,530530609071,1
11502,530530609072,1
11502,530530609073,1
11502,530530609081,1
11502,530530609082,1
11502,530530610011,1
11502,530530610012,1
11502,530530610013,1
11502,530530610021,1
11502,530530610022,1
11502,530530610023,1
11502,530530723051,1
11502,530530723052,1
11502,530530723053,1
11502,530530723054,1
11502,530530723055,1
11502,530530723071,1
11502,530530723072,1
11502,530530723073,1
11502,530530723091,1
11502,530530723092,1
11502,530530723093,1
11502,530530723094,1
11502,530530723101,1
11502,530530723102,1
11502,530530723103,1
11502,530530723111,1
11502,530530723112,1
11502,530530723113,1
11502,530530724051,1
11502,530530724052,1
11502,530530724053,1
11502,530530724061,1
11502,530530724062,1
11502,530530724063,1
11502,530530724064,1
11502,530530724071,1
11502,530530724072,1
11502,530530724073,1
11502,530530724081,1
11502,530530724082,1
11502,530530724083,1
11502,530530724084,1
11502,530530724091,1
11502,530530724092,1
11502,530530724101,1
11502,530530724102,1
11502,530530724103,1
11502,530530725031,1
11502,530530725032,1
11502,530530725033,1
11502,530530725041,1
11502,530530725042,1
11502,530530725043,1
11502,530530725061,1
11502,530530725062,1
11502,530530725063,1
11502,530530725071,1
11502,530530725072,1
11502,530530725073,1
11502,530530725081,1
11502,530530725082,1
11502,530530725083,1
11502,530530725091,1
11502,530530725092,1
11502,530530725093,1
11502,530530726011,1
11502,530530726012,1
11502,530530726013,1
11502,530530726014,1
11502,530530726021,1
11502,530530726022,1
11502,530530726023,1
11502,530530726031,1
11502,530530726032,1
11502,530530726033,1
11502,530530726034,1
11502,530530726035,1
11501,530530604001,1
11501,530530604002,1
11501,530530604003,1
11501,530530605001,1
11501,530530605002,1
11501,530530605003,1
11501,530530606001,1
11501,530530606002,1
11501,530530606003,1
11501,530530606004,1
11501,530530607001,1
11501,530530607002,1
11501,530530607003,1
11501,530530607004,1
11501,530530607005,1
11501,530530608001,1
11501,530530608002,1
11501,530530608003,1
11501,530530608004,1
11501,530530609041,1
11501,530530609042,1
11501,530530609043,1
11501,530530609044,1
11501,530530609061,1
11501,530530609062,1
11501,530530611001,1
11501,530530611002,1
11501,530530611003,1
11501,530530611004,1
11501,530530611005,1
11501,530530612001,1
11501,530530612002,1
11501,530530612003,1
11501,530530612004,1
11501,530530613001,1
11501,530530613002,1
11501,530530613003,1
11501,530530613004,1
11501,530530614001,1
11501,530530614002,1
11501,530530614003,1
11501,530530615011,1
11501,530530615012,1
11501,530530615021,1
11501,530530615022,1
11501,530530616011,1
11501,530530616012,1
11501,530530616021,1
11501,530530617001,1
11501,530530617002,1
11501,530530617003,1
11501,530530617004,1
11501,530530618001,1
11501,530530618002,1
11501,530530619001,1
11501,530530619002,1
11501,530530620001,1
11501,530530620002,1
11501,530530620003,1
11501,530530623001,1
11501,530530623002,1
11501,530530623003,1
11501,530530623004,1
11501,530530624001,1
11501,530530624002,1
11501,530530624003,1
11501,530530624004,1
11501,530530625011,1
11501,530530625012,1
11501,530530625013,1
11501,530530625021,1
11501,530530625022,1
11501,530530626001,1
11501,530530626002,1
11501,530530626003,1
11501,530530628011,1
11501,530530628012,1
11501,530530628013,1
11501,530530628014,1
11501,530530628021,1
11501,530530628022,1
11501,530530628023,1
11501,530530629011,1
11501,530530629012,1
11501,530530629013,1
11501,530530629021,1
11501,530530629022,1
11501,530530629023,1
11501,530530630001,1
11501,530530630002,1
11501,530539400061,1
11501,530539400062,1
11501,530539400071,1
11501,530539400072,1
11504,530530631001,1
11504,530530631002,1
11504,530530631003,1
11504,530530632001,1
11504,530530632002,1
11504,530530632003,1
11504,530530632004,1
11504,530530633011,1
11504,530530633012,1
11504,530530633013,1
11504,530530633021,1
11504,530530633022,1
11504,530530633023,1
11504,530530634011,1
11504,530530634012,1
11504,530530634013,1
11504,530530634021,1
11504,530530634022,1
11504,530530634023,1
11504,530530635011,1
11504,530530635012,1
11504,530530635013,1
11504,530530635021,1
11504,530530635022,1
11504,530530635023,1
11504,530530635024,1
11504,530530711001,1
11504,530530711002,1
11504,530530713051,1
11504,530530713052,1
11504,530530713053,1
11504,530530713061,1
11504,530530713062,1
11504,530530713063,1
11504,530530713064,1
11504,530530713065,1
11504,530530714031,1
11504,530530714032,1
11504,530530714033,1
11504,530530714081,1
11504,530530714082,1
11504,530530714083,1
11504,530530714091,1
11504,530530714092,1
11504,530530714093,1
11504,530530714111,1
11504,530530714112,1
11504,530530714113,1
11504,530530714121,1
11504,530530714122,1
11504,530530714123,1
11504,530530714124,1
11504,530530714125,1
11504,530530714131,1
11504,530530714132,1
11504,530530714161,1
11504,530530714162,1
11504,530530714171,1
11504,530530714172,1
11504,530530715031,1
11504,530530715032,1
11504,530530715033,1
11504,530530715034,1
11504,530530715041,1
11504,530530715042,1
11504,530530715043,1
11504,530530715044,1
11504,530530715051,1
11504,530530715052,1
11504,530530715053,1
11504,530530715054,1
11504,530530715061,1
11504,530530715062,1
11504,530530715063,1
11504,530530715064,1
11504,530530716011,1
11504,530530716012,1
11504,530530716013,1
11504,530530716014,1
11504,530530716031,1
11504,530530716032,1
11504,530530716033,1
11504,530530716041,1
11504,530530716042,1
11504,530530716043,1
11504,530530717031,1
11504,530530717032,1
11504,530530717041,1
11504,530530717042,1
11504,530530717043,1
11504,530530717051,1
11504,530530717052,1
11504,530530717053,1
11504,530530717061,1
11504,530530717071,1
11504,530530717072,1
11507,530530701001,1
11507,530530701002,1
11507,530530701003,1
11507,530530701004,1
11507,530530702041,1
11507,530530702042,1
11507,530530702043,1
11507,530530702051,1
11507,530530702052,1
11507,530530702053,1
11507,530530702061,1
11507,530530702062,1
11507,530530702063,1
11507,530530702071,1
11507,530530702072,1
11507,530530702073,1
11507,530530702081,1
11507,530530702082,1
11507,530530702083,1
11507,530530702091,1
11507,530530702092,1
11507,530530702093,1
11507,530530703101,1
11507,530530703102,1
11507,530530703103,1
11507,530530703104,1
11507,530530703111,1
11507,530530703112,1
11507,530530703113,1
11507,530530704031,1
11507,530530704032,1
11507,530530704033,1
11507,530530704041,1
11507,530530704042,1
11507,530530704043,1
11507,530530704044,1
11507,530530714141,1
11507,530530714142,1
11507,530530714143,1
11507,530530714151,1
11507,530530714152,1
11507,530530730011,1
11507,530530730012,1
11507,530530730013,1
11507,530530730014,1
11507,530530730015,1
11507,530530730051,1
11507,530530730052,1
11507,530530730053,1
11507,530530730054,1
11507,530530730061,1
11507,530530730062,1
11507,530530730063,1
11507,530530731141,1
11507,530530731142,1
11507,530530731143,1
11507,530530731144,1
11507,530530731151,1
11507,530530731152,1
11507,530530731153,1
11507,530530731161,1
11507,530530731162,1
11507,530530731163,1
11507,530530731171,1
11507,530530731172,1
11507,530530731173,1
11507,530530731181,1
11507,530530731182,1
11507,530530731183,1
11507,530530731184,1
11507,530530731191,1
11507,530530731192,1
11507,530530731241,1
11507,530530731242,1
11507,530530731291,1
11507,530530731292,1
11507,530530731293,1
11507,530530731301,1
11507,530530731302,1
11507,530530731303,1
11507,530530732001,1
11507,530530732002,1
11507,530530732003,1
11507,530530732004,1
11507,530530732005,1
11506,530530712051,1
11506,530530712052,1
11506,530530712053,1
11506,530530712054,1
11506,530530712061,1
11506,530530712062,1
11506,530530712063,1
11506,530530712064,1
11506,530530712065,1
11506,530530712071,1
11506,530530712072,1
11506,530530712073,1
11506,530530712074,1
11506,530530712091,1
11506,530530712092,1
11506,530530712093,1
11506,530530712101,1
11506,530530712102,1
11506,530530712103,1
11506,530530712104,1
11506,530530712111,1
11506,530530712112,1
11506,530530712113,1
11506,530530712121,1
11506,530530712122,1
11506,530530712123,1
11506,530530713041,1
11506,530530713042,1
11506,530530713043,1
11506,530530713044,1
11506,530530713071,1
11506,530530713072,1
11506,530530713073,1
11506,530530713074,1
11506,530530713091,1
11506,530530713092,1
11506,530530713093,1
11506,530530713101,1
11506,530530713102,1
11506,530530713103,1
11506,530530713104,1
11506,530530731101,1
11506,530530731102,1
11506,530530731103,1
11506,530530731111,1
11506,530530731112,1
11506,530530731113,1
11506,530530731201,1
11506,530530731202,1
11506,530530731203,1
11506,530530731211,1
11506,530530731212,1
11506,530530731213,1
11506,530530731221,1
11506,530530731222,1
11506,530530731223,1
11506,530530731231,1
11506,530530731232,1
11506,530530731233,1
11506,530530731261,1
11506,530530731262,1
11506,530530731263,1
11506,530530731271,1
11506,530530731272,1
11506,530530731281,1
11506,530530731282,1
11506,530530731283,1
11506,530530731284,1
11506,530530731311,1
11506,530530731312,1
11506,530530731321,1
11506,530530731322,1
11506,530530731323,1
11506,530530731331,1
11506,530530731332,1
11506,530530731333,1
11506,530530734041,1
11506,530530734042,1
11506,530530734043,1
11506,530530734044,1
11506,530530734045,1
11506,530530734051,1
11506,530530734052,1
11506,530530734053,1
11506,530530734061,1
11506,530530734062,1
11506,530530734063,1
11506,530530734064,1
11506,530530734071,1
11506,530530734072,1
11506,530530734073,1
11506,530530734081,1
11506,530530734082,1
11506,530530734083,1
11503,530530718031,1
11503,530530718032,1
11503,530530718033,1
11503,530530718034,1
11503,530530718051,1
11503,530530718052,1
11503,530530718053,1
11503,530530718061,1
11503,530530718062,1
11503,530530718063,1
11503,530530718071,1
11503,530530718072,1
11503,530530718073,1
11503,530530718074,1
11503,530530718081,1
11503,530530718082,1
11503,530530718083,1
11503,530530719011,1
11503,530530719012,1
11503,530530719013,1
11503,530530719021,1
11503,530530719022,1
11503,530530719023,1
11503,530530719024,1
11503,530530720001,1
11503,530530720002,1
11503,530530720003,1
11503,530530721051,1
11503,530530721052,1
11503,530530721053,1
11503,530530721054,1
11503,530530721061,1
11503,530530721062,1
11503,530530721063,1
11503,530530721064,1
11503,530530721071,1
11503,530530721072,1
11503,530530721073,1
11503,530530721081,1
11503,530530721082,1
11503,530530721083,1
11503,530530721084,1
11503,530530721091,1
11503,530530721092,1
11503,530530721093,1
11503,530530721111,1
11503,530530721112,1
11503,530530721121,1
11503,530530721122,1
11503,530530721123,1
11503,530530723121,1
11503,530530723122,1
11503,530530723123,1
11503,530530723124,1
11503,530530723131,1
11503,530530723132,1
11503,530530723133,1
11503,530530723141,1
11503,530530723142,1
11503,530530723143,1
11503,530530723151,1
11503,530530723152,1
11503,530530728011,1
11503,530530728012,1
11503,530530728013,1
11503,530530728021,1
11503,530530728022,1
11503,530530728023,1
11503,530530729011,1
11503,530530729031,1
11503,530530729032,1
11503,530530729071,1
11503,530530729072,1
11503,530530729073,1
11503,530530729081,1
11503,530530729082,1
11503,530530729083,1
11503,530530729084,1
11503,530530729091,1
11503,530530729092,1
11703,530610401001,1
11703,530610401002,1
11703,530610401003,1
11703,530610401004,1
11703,530610402001,1
11703,530610402002,1
11703,530610402003,1
11703,530610402004,1
11703,530610402005,1
11703,530610403001,1
11703,530610403002,1
11703,530610404001,1
11703,530610404002,1
11703,530610404003,1
11703,530610405001,1
11703,530610405002,1
11703,530610407001,1
11703,530610407002,1
11703,530610407003,1
11703,530610407004,1
11703,530610408001,1
11703,530610408002,1
11703,530610408003,1
11703,530610409001,1
11703,530610409002,1
11703,530610410001,1
11703,530610410002,1
11703,530610410003,1
11703,530610410004,1
11703,530610411001,1
11703,530610411002,1
11703,530610411003,1
11703,530610411004,1
11703,530610412011,1
11703,530610412012,1
11703,530610412021,1
11703,530610412022,1
11703,530610412023,1
11703,530610412024,1
11703,530610413031,1
11703,530610413032,1
11703,530610413033,1
11703,530610413034,1
11703,530610414001,1
11703,530610414002,1
11703,530610414003,1
11703,530610414004,1
11703,530610415001,1
11703,530610415002,1
11703,530610416011,1
11703,530610416012,1
11703,530610416013,1
11703,530610416014,1
11703,530610416051,1
11703,530610416052,1
11703,530610416053,1
11703,530610416054,1
11703,530610416055,1
11703,530610416061,1
11703,530610416062,1
11703,530610416063,1
11703,530610416064,1
11703,530610416071,1
11703,530610416072,1
11703,530610416073,1
11703,530610416091,1
11703,530610416092,1
11703,530610416093,1
11703,530610416101,1
11703,530610416102,1
11703,530610416103,1
11703,530610417011,1
11703,530610417012,1
11703,530610417013,1
11703,530610417014,1
11703,530610418051,1
11703,530610418052,1
11703,530610418053,1
11703,530610418054,1
11703,530610418081,1
11703,530610418082,1
11703,530610418083,1
11703,530610418131,1
11703,530610418132,1
11703,530610418133,1
11703,530610418141,1
11703,530610418142,1
11703,530610418143,1
11703,530610419041,1
11703,530610419042,1
11703,530610419043,1
11703,530610419044,1
11702,530610413011,1
11702,530610413012,1
11702,530610413013,1
11702,530610413014,1
11702,530610413041,1
11702,530610413042,1
11702,530610417031,1
11702,530610417032,1
11702,530610417033,1
11702,530610417034,1
11702,530610417035,1
11702,530610417041,1
11702,530610417042,1
11702,530610417043,1
11702,530610417044,1
11702,530610418091,1
11702,530610418092,1
11702,530610418093,1
11702,530610418101,1
11702,530610418102,1
11702,530610418103,1
11702,530610418121,1
11702,530610418122,1
11702,530610418123,1
11702,530610418124,1
11702,530610418151,1
11702,530610418152,1
11702,530610418153,1
11702,530610418161,1
11702,530610418162,1
11702,530610418163,1
11702,530610419011,1
11702,530610419012,1
11702,530610419013,1
11702,530610419014,1
11702,530610419051,1
11702,530610419052,1
11702,530610419053,1
11702,530610419054,1
11702,530610419061,1
11702,530610419062,1
11702,530610419071,1
11702,530610419072,1
11702,530610419073,1
11702,530610420011,1
11702,530610420012,1
11702,530610420013,1
11702,530610420014,1
11702,530610420031,1
11702,530610420032,1
11702,530610420041,1
11702,530610420042,1
11702,530610420043,1
11702,530610420051,1
11702,530610420052,1
11702,530610420053,1
11702,530610420054,1
11702,530610420061,1
11702,530610420062,1
11702,530610420063,1
11702,530610501011,1
11702,530610501012,1
11702,530610501021,1
11702,530610501022,1
11702,530610501023,1
11702,530610501024,1
11702,530610501025,1
11702,530610518021,1
11702,530610518022,1
11702,530610518023,1
11702,530610518024,1
11702,530610518025,1
11702,530610518031,1
11702,530610518032,1
11702,530610518033,1
11702,530610518034,1
11702,530610518041,1
11702,530610518042,1
11702,530610518043,1
11702,530610518044,1
11702,530610519271,1
11702,530610519272,1
11702,530610519273,1
11702,530610519274,1
11702,530610519281,1
11702,530610519282,1
11702,530610519283,1
11702,530610519284,1
11701,530610502001,1
11701,530610502002,1
11701,530610502003,1
11701,530610503001,1
11701,530610503002,1
11701,530610503003,1
11701,530610503004,1
11701,530610504021,1
11701,530610504022,1
11701,530610504023,1
11701,530610504024,1
11701,530610504031,1
11701,530610504032,1
11701,530610504033,1
11701,530610504041,1
11701,530610504042,1
11701,530610504043,1
11701,530610505011,1
11701,530610505012,1
11701,530610505013,1
11701,530610505021,1
11701,530610505022,1
11701,530610505023,1
11701,530610506001,1
11701,530610507001,1
11701,530610507002,1
11701,530610507003,1
11701,530610507004,1
11701,530610507005,1
11701,530610508001,1
11701,530610508002,1
11701,530610508003,1
11701,530610508004,1
11701,530610508005,1
11701,530610509001,1
11701,530610509002,1
11701,530610510001,1
11701,530610510002,1
11701,530610510003,1
11701,530610511001,1
11701,530610511002,1
11701,530610511003,1
11701,530610512001,1
11701,530610512002,1
11701,530610512003,1
11701,530610513011,1
11701,530610513012,1
11701,530610513013,1
11701,530610513021,1
11701,530610513022,1
11701,530610513023,1
11701,530610514011,1
11701,530610514012,1
11701,530610514013,1
11701,530610514021,1
11701,530610514022,1
11701,530610514023,1
11701,530610515001,1
11701,530610515002,1
11701,530610515003,1
11701,530610515004,1
11701,530610516011,1
11701,530610516012,1
11701,530610516013,1
11701,530610516014,1
11701,530610516021,1
11701,530610516022,1
11701,530610516023,1
11701,530610517011,1
11701,530610517012,1
11701,530610517013,1
11701,530610517014,1
11701,530610517021,1
11701,530610517022,1
11701,530610517023,1
11701,530610517024,1
11701,530610519131,1
11701,530610519132,1
11701,530610519133,1
11701,530610519134,1
11701,530610519141,1
11701,530610519142,1
11701,530610519143,1
11701,530610519291,1
11701,530610519292,1
11701,530610519293,1
11701,530610519301,1
11701,530610519302,1
11701,530610519303,1
11704,530610519121,1
11704,530610519122,1
11704,530610519161,1
11704,530610519162,1
11704,530610519163,1
11704,530610519171,1
11704,530610519172,1
11704,530610519173,1
11704,530610519181,1
11704,530610519182,1
11704,530610519183,1
11704,530610519184,1
11704,530610519211,1
11704,530610519212,1
11704,530610519213,1
11704,530610519221,1
11704,530610519222,1
11704,530610519223,1
11704,530610519224,1
11704,530610519261,1
11704,530610519262,1
11704,530610519263,1
11704,530610519264,1
11704,530610519311,1
11704,530610519312,1
11704,530610519313,1
11704,530610519321,1
11704,530610519322,1
11704,530610519323,1
11704,530610519331,1
11704,530610519332,1
11704,530610519341,1
11704,530610519342,1
11704,530610519343,1
11704,530610519351,1
11704,530610519352,1
11704,530610519353,1
11704,530610519361,1
11704,530610519362,1
11704,530610519363,1
11704,530610519371,1
11704,530610519372,1
11704,530610519373,1
11704,530610519381,1
11704,530610519382,1
11704,530610519383,1
11704,530610520041,1
11704,530610520042,1
11704,530610520043,1
11704,530610520044,1
11704,530610520045,1
11704,530610520051,1
11704,530610520052,1
11704,530610520053,1
11704,530610520054,1
11704,530610520061,1
11704,530610520062,1
11704,530610520063,1
11704,530610520071,1
11704,530610520072,1
11704,530610520073,1
11704,530610520074,1
11704,530610520081,1
11704,530610520082,1
11704,530610520083,1
11704,530610520091,1
11704,530610520092,1
11704,530610520093,1
11704,530610520101,1
11704,530610520102,1
11704,530610520103,1
11704,530610521071,1
11704,530610521072,1
11704,530610521073,1
11704,530610521074,1
11704,530610521075,1
11704,530610521081,1
11704,530610521082,1
11704,530610521083,1
11704,530610521084,1
11704,530610521085,1
11704,530610521121,1
11704,530610521122,1
11704,530610521131,1
11704,530610521132,1
11704,530610521141,1
11704,530610521142,1
11704,530610521143,1
11704,530610521144,1
11704,530610521191,1
11704,530610521192,1
11704,530610521201,1
11704,530610521202,1
11704,530610521203,1
11704,530610521211,1
11704,530610521212,1
11704,530610521213,1
11704,530610521221,1
11704,530610521222,1
11704,530610521223,1
11705,530610521041,1
11705,530610521042,1
11705,530610521043,1
11705,530610521051,1
11705,530610521052,1
11705,530610522031,1
11705,530610522032,1
11705,530610522033,1
11705,530610522034,1
11705,530610522041,1
11705,530610522042,1
11705,530610522043,1
11705,530610522044,1
11705,530610522061,1
11705,530610522062,1
11705,530610522063,1
11705,530610522064,1
11705,530610522071,1
11705,530610522072,1
11705,530610522073,1
11705,530610522074,1
11705,530610522081,1
11705,530610522082,1
11705,530610522083,1
11705,530610522101,1
11705,530610522102,1
11705,530610522111,1
11705,530610523011,1
11705,530610523012,1
11705,530610523013,1
11705,530610523014,1
11705,530610523021,1
11705,530610523022,1
11705,530610523023,1
11705,530610524011,1
11705,530610524012,1
11705,530610524013,1
11705,530610524021,1
11705,530610524022,1
11705,530610524023,1
11705,530610525021,1
11705,530610525022,1
11705,530610525023,1
11705,530610525024,1
11705,530610525041,1
11705,530610525042,1
11705,530610525051,1
11705,530610525052,1
11705,530610525053,1
11705,530610525054,1
11705,530610525061,1
11705,530610525062,1
11705,530610525063,1
11705,530610526031,1
11705,530610526032,1
11705,530610526041,1
11705,530610526042,1
11705,530610526043,1
11705,530610526051,1
11705,530610526052,1
11705,530610526053,1
11705,530610526054,1
11705,530610526061,1
11705,530610526062,1
11705,530610526063,1
11705,530610526071,1
11705,530610526072,1
11705,530610526073,1
11705,530610526074,1
11705,530610527061,1
11705,530610527062,1
11705,530610527063,1
11705,530610527064,1
11705,530610527071,1
11705,530610527072,1
11705,530610527073,1
11705,530610536031,1
11705,530610536032,1
11705,530610536033,1
11705,530610536041,1
11705,530610536042,1
11705,530610536043,1
11705,530610536051,1
11705,530610536052,1
11705,530610536061,1
11705,530610536062,1
11705,530610536063,1
11705,530610538011,1
11705,530610538012,1
11705,530610538013,1
11705,530610538021,1
11705,530610538022,1
11705,530610538023,1
11705,530610538024,1
11705,530610538031,1
11705,530610538032,1
11705,530610538033,1
11705,530610538034,1
11706,530610527011,1
11706,530610527081,1
11706,530610527082,1
11706,530610527083,1
11706,530610527084,1
11706,530610527091,1
11706,530610527092,1
11706,530610527101,1
11706,530610527102,1
11706,530610527103,1
11706,530610527111,1
11706,530610527112,1
11706,530610527113,1
11706,530610528031,1
11706,530610528032,1
11706,530610528033,1
11706,530610528034,1
11706,530610528035,1
11706,530610528051,1
11706,530610528052,1
11706,530610528053,1
11706,530610528071,1
11706,530610528072,1
11706,530610528073,1
11706,530610528081,1
11706,530610528082,1
11706,530610528083,1
11706,530610528091,1
11706,530610528092,1
11706,530610528093,1
11706,530610528101,1
11706,530610528102,1
11706,530610528103,1
11706,530610529031,1
11706,530610529032,1
11706,530610529033,1
11706,530610529041,1
11706,530610529042,1
11706,530610529043,1
11706,530610529044,1
11706,530610529051,1
11706,530610529052,1
11706,530610529053,1
11706,530610529061,1
11706,530610529062,1
11706,530610529063,1
11706,530610531011,1
11706,530610531012,1
11706,530610531013,1
11706,530610531021,1
11706,530610531022,1
11706,530610531023,1
11706,530610531024,1
11706,530610532011,1
11706,530610532012,1
11706,530610532013,1
11706,530610532021,1
11706,530610532022,1
11706,530610532023,1
11706,530610533011,1
11706,530610533012,1
11706,530610533013,1
11706,530610533014,1
11706,530610533015,1
11706,530610533021,1
11706,530610533022,1
11706,530610533023,1
11706,530610533024,1
11706,530610533025,1
11706,530610534001,1
11706,530610534002,1
11706,530610534003,1
11706,530610534004,1
11706,530610535051,1
11706,530610535052,1
11706,530610535053,1
11706,530610535054,1
11706,530610535061,1
11706,530610535062,1
11706,530610535063,1
11706,530610535064,1
11706,530610535071,1
11706,530610535072,1
11706,530610535073,1
11706,530610535074,1
11706,530610535081,1
11706,530610535082,1
11706,530610535091,1
11706,530610535092,1
11706,530610535093,1
11706,530610535101,1
11706,530610535102,1
11706,530610535103,1
11706,530610535111,1
11706,530610535112,1
11706,530610535113,1
11706,530610537001,1
11706,530610537002,1
11706,530619400011,1
11706,530619400012,1
11706,530619400013,1
11706,530619400014,1
11706,530619400015,1
11706,530619400021,1
11706,530619400022,1
11706,530619400023,1
11706,530619901000,1
